Channel,beta/theta,beta/alpha,total_power,alpha/total_power,beta>20Hz
F3,0.046692658885264235,0.49927280991138245,177.97982587963887,0.0035886216808861007,0
F4,0.06082484827933755,0.574857410862798,185.5890478749736,0.0032346496374515933,0
C3,0.08261555686691706,0.7012907544220955,200.7738452548254,0.004343005802684468,0
C4,0.08956188281812237,0.6257274337792187,173.06390117996486,0.005742047974993526,0
P3,0.03404488875682589,0.34152449454917033,1857.6105240554364,0.0013931583652805363,0
P4,0.0077789187269914324,0.19636938017308367,659.9446650853221,0.0018025652614836582,0
O1,0.07552421840278685,0.4057237247673924,80.06657839155606,0.008332520448387544,0
O2,0.1461592778814496,0.4575999357272858,818.5570414411435,0.007399735448427815,0
