Channel,beta/theta,beta/alpha,total_power,alpha/total_power,beta>20Hz
F3,0.06572369356884253,0.49400054340648814,2650.9251243804515,0.0008379372838208994,0
F4,0.04600761951177661,0.45864273713317016,2687.353546507698,0.0005979745791136763,0
C3,0.1403313229093284,0.6473139369451396,2688.8922984187116,0.0017819235514072687,0
C4,0.06313018039652893,0.5998344809726024,2676.14447959439,0.0006811663311426048,0
P3,0.021423153008345124,0.22602088802227963,32820.67379465006,0.0014649994458437337,0
P4,0.03336074578850159,0.35195163592962625,2894.3252010061765,0.0006347041911630837,0
O1,0.0460563716981475,0.4736401914059078,1856.9460499639388,0.0008571940663979257,0
O2,0.023805931816818098,0.22972589623937245,24105.20247776968,0.0012011817582446944,0
