Channel,beta/theta,beta/alpha,total_power,alpha/total_power,beta>20Hz
F3,0.02292645240399325,0.2432384435092597,67611.66500266168,0.0013316180859795545,1
F4,0.019560945546665223,0.32972237064215054,47836.593900754364,0.0010155394102135597,0
C3,0.041935862261914515,0.3954472199755239,23141.139434616245,0.0031266115824851956,1
C4,0.03331163820850916,0.34196997560414627,18923.679053076976,0.0037766013033563865,1
P3,0.02025938387915771,0.27466236133904415,73968.75840672411,0.002091114680964347,1
P4,0.022847474980843694,0.24997998589861017,35800.93469606165,0.0018702865285695808,0
O1,0.13668901559967464,0.7784066619637615,19629.791765922415,0.007304394943250292,1
O2,0.02030419192701197,0.2897691962461906,29826.17371806361,0.0027593812886769417,1
